DATETIME,OPEN,HIGH,LOW,FINAL,VOLUME
2025-06-16,0.65815,0.65815,0.65815,0.65815,0.0
2025-06-17,0.6494,0.6494,0.6494,0.6494,0.0
2025-06-18,0.652,0.652,0.652,0.652,0.0
2025-06-20,0.648,0.648,0.648,0.648,0.0
2025-06-23,0.6464,0.6464,0.6464,0.6464,0.0
2025-06-24,0.65085,0.65085,0.65085,0.65085,0.0
2025-06-25,0.652,0.652,0.652,0.652,0.0
2025-06-26,0.6554,0.6554,0.6554,0.6554,0.0
2025-06-27,0.6507,0.6507,0.6507,0.6507,0.0
2025-06-30,0.65655,0.65655,0.65655,0.65655,0.0
2025-07-01,0.65745,0.65745,0.65745,0.65745,0.0
2025-07-02,0.65815,0.65815,0.65815,0.65815,0.0
2025-07-03,0.6585,0.6585,0.6585,0.6585,0.0
2025-07-07,0.6515,0.6515,0.6515,0.6515,0.0
2025-07-08,0.6524,0.6524,0.6524,0.6524,0.0
2025-07-09,0.6518,0.6518,0.6518,0.6518,0.0
2025-07-10,0.65615,0.65615,0.65615,0.65615,0.0
2025-07-11,0.6557,0.6557,0.6557,0.6557,0.0
2025-07-14,0.65265,0.65265,0.65265,0.65265,0.0
2025-07-15,0.64995,0.64995,0.64995,0.64995,0.0
2025-07-16,0.64995,0.64995,0.64995,0.64995,0.0
2025-07-17,0.6493,0.6493,0.6493,0.6493,0.0
2025-07-18,0.6494,0.6494,0.6494,0.6494,0.0
2025-07-21,0.6516,0.6516,0.6516,0.6516,0.0
2025-07-22,0.65335,0.65335,0.65335,0.65335,0.0
2025-07-23,0.6582,0.6582,0.6582,0.6582,0.0
2025-07-24,0.6579,0.6579,0.6579,0.6579,0.0
2025-07-25,0.6545,0.6545,0.6545,0.6545,0.0
2025-07-28,0.6502,0.6502,0.6502,0.6502,0.0
2025-07-29,0.64885,0.64885,0.64885,0.64885,0.0
2025-07-30,0.642,0.642,0.642,0.642,0.0
2025-07-31,0.64255,0.64255,0.64255,0.64255,0.0
2025-08-01,0.6408,0.6408,0.6408,0.6408,0.0
2025-08-04,0.64215,0.64215,0.64215,0.64215,0.0
2025-08-05,0.64325,0.64325,0.64325,0.64325,0.0
2025-08-06,0.64645,0.64645,0.64645,0.64645,0.0
2025-08-07,0.6465,0.6465,0.6465,0.6465,0.0
2025-08-08,0.6493,0.6493,0.6493,0.6493,0.0
2025-08-11,0.6482,0.6482,0.6482,0.6482,0.0
2025-08-12,0.65,0.65,0.65,0.65,0.0
2025-08-13,0.65165,0.65165,0.65165,0.65165,0.0
2025-08-14,0.64725,0.64725,0.64725,0.64725,0.0
2025-08-15,0.6485,0.6485,0.6485,0.6485,0.0
2025-08-18,0.64635,0.64635,0.64635,0.64635,0.0
2025-08-19,0.64125,0.64125,0.64125,0.64125,0.0
2025-08-20,0.6402,0.6402,0.6402,0.6402,0.0
2025-08-21,0.6394,0.6394,0.6394,0.6394,0.0
2025-08-22,0.64455,0.64455,0.64455,0.64455,0.0
2025-08-25,0.644,0.644,0.644,0.644,0.0
2025-08-26,0.6433,0.6433,0.6433,0.6433,0.0
2025-08-27,0.6435,0.6435,0.6435,0.6435,0.0
2025-08-28,0.6468,0.6468,0.6468,0.6468,0.0
2025-08-29,0.6477,0.6477,0.6477,0.6477,0.0
2025-09-02,0.6442,0.6442,0.6442,0.6442,0.0
2025-09-03,0.64465,0.64465,0.64465,0.64465,0.0
2025-09-04,0.6407,0.6407,0.6407,0.6407,0.0
2025-09-05,0.6444,0.6444,0.6444,0.6444,0.0
2025-09-08,0.6489,0.6489,0.6489,0.6489,0.0
2025-09-09,0.64725,0.64725,0.64725,0.64725,0.0
2025-09-10,0.65115,0.65115,0.65115,0.65115,0.0
2025-09-11,0.6563,0.6563,0.6563,0.6563,0.0
2025-09-12,0.65445,0.65445,0.65445,0.65445,0.0
2025-09-15,0.65655,0.65655,0.65655,0.65655,0.0
2025-09-16,0.65725,0.65725,0.65725,0.65725,0.0
2025-09-17,0.6551,0.6551,0.6551,0.6551,0.0
2025-09-18,0.6525,0.6525,0.6525,0.6525,0.0
2025-09-19,0.6505,0.6505,0.6505,0.6505,0.0
2025-09-22,0.6506,0.6506,0.6506,0.6506,0.0
2025-09-23,0.6504,0.6504,0.6504,0.6504,0.0
2025-09-24,0.64715,0.64715,0.64715,0.64715,0.0
2025-09-25,0.64285,0.64285,0.64285,0.64285,0.0
2025-09-26,0.6452,0.6452,0.6452,0.6452,0.0
2025-09-29,0.6491,0.6491,0.6491,0.6491,0.0
2025-09-30,0.65035,0.65035,0.65035,0.65035,0.0
2025-10-01,0.6492,0.6492,0.6492,0.6492,0.0
2025-10-02,0.6475,0.6475,0.6475,0.6475,0.0
2025-10-03,0.64915,0.64915,0.64915,0.64915,0.0
2025-10-06,0.65055,0.65055,0.65055,0.65055,0.0
2025-10-07,0.6472,0.6472,0.6472,0.6472,0.0
2025-10-08,0.648,0.648,0.648,0.648,0.0
2025-10-09,0.6437,0.6437,0.6437,0.6437,0.0
2025-10-10,0.63635,0.63635,0.63635,0.63635,0.0
2025-10-13,0.6396,0.6396,0.6396,0.6396,0.0
2025-10-14,0.63755,0.63755,0.63755,0.63755,0.0
2025-10-15,0.63925,0.63925,0.63925,0.63925,0.0
2025-10-16,0.6375,0.6375,0.6375,0.6375,0.0
2025-10-17,0.64,0.64,0.64,0.64,0.0
2025-10-20,0.642,0.642,0.642,0.642,0.0
2025-10-21,0.63895,0.63895,0.63895,0.63895,0.0
2025-10-22,0.6386,0.6386,0.6386,0.6386,0.0
2025-10-23,0.6417,0.6417,0.6417,0.6417,0.0
2025-10-24,0.6415,0.6415,0.6415,0.6415,0.0
2025-10-27,0.6455,0.6455,0.6455,0.6455,0.0
2025-10-28,0.6475,0.6475,0.6475,0.6475,0.0
2025-10-29,0.64425,0.64425,0.64425,0.64425,0.0
2025-10-30,0.6432,0.6432,0.6432,0.6432,0.0
2025-10-31,0.64275,0.64275,0.64275,0.64275,0.0
2025-11-03,0.6415,0.6415,0.6415,0.6415,0.0
2025-11-04,0.63585,0.63585,0.63585,0.63585,0.0
2025-11-05,0.63945,0.63945,0.63945,0.63945,0.0
2025-11-06,0.63635,0.63635,0.63635,0.63635,0.0
2025-11-07,0.63665,0.63665,0.63665,0.63665,0.0
2025-11-10,0.6406,0.6406,0.6406,0.6406,0.0
2025-11-11,0.64025,0.64025,0.64025,0.64025,0.0
2025-11-12,0.6397,0.6397,0.6397,0.6397,0.0
2025-11-13,0.63585,0.63585,0.63585,0.63585,0.0
2025-11-14,0.6374,0.6374,0.6374,0.6374,0.0
2025-11-17,0.6322,0.6322,0.6322,0.6322,0.0
2025-11-18,0.6358,0.6358,0.6358,0.6358,0.0
2025-11-19,0.6301,0.6301,0.6301,0.6301,0.0
2025-11-20,0.62845,0.62845,0.62845,0.62845,0.0
2025-11-21,0.62775,0.62775,0.62775,0.62775,0.0
2025-11-24,0.62775,0.62775,0.62775,0.62775,0.0
2025-11-25,0.62835,0.62835,0.62835,0.62835,0.0
2025-11-26,0.63045,0.63045,0.63045,0.63045,0.0
2025-11-28,0.6336,0.6336,0.6336,0.6336,0.0
2025-12-01,0.63305,0.63305,0.63305,0.63305,0.0
2025-12-02,0.63395,0.63395,0.63395,0.63395,0.0
2025-12-03,0.63615,0.63615,0.63615,0.63615,0.0
2025-12-04,0.6368,0.6368,0.6368,0.6368,0.0
2025-12-05,0.6401,0.6401,0.6401,0.6401,0.0
2025-12-08,0.6389,0.6389,0.6389,0.6389,0.0
2025-12-09,0.6387,0.6387,0.6387,0.6387,0.0
2025-12-10,0.6406,0.6406,0.6406,0.6406,0.0
2025-12-11,0.64215,0.64215,0.64215,0.64215,0.0
2025-12-12,0.6411,0.6411,0.6411,0.6411,0.0
2025-12-15,0.6413,0.6413,0.6413,0.6413,0.0
2025-12-16,0.6395,0.6395,0.6395,0.6395,0.0
2025-12-17,0.63605,0.63605,0.63605,0.63605,0.0
2025-12-18,0.6375,0.6375,0.6375,0.6375,0.0
2025-12-19,0.63675,0.63675,0.63675,0.63675,0.0
2025-12-22,0.64015,0.64015,0.64015,0.64015,0.0
2025-12-23,0.64585,0.64585,0.64585,0.64585,0.0
2025-12-24,0.64735,0.64735,0.64735,0.64735,0.0
2025-12-26,0.647,0.647,0.647,0.647,0.0
2025-12-29,0.64525,0.64525,0.64525,0.64525,0.0
2025-12-30,0.6446,0.6446,0.6446,0.6446,0.0
2025-12-31,0.6432,0.6432,0.6432,0.6432,0.0
2026-01-02,0.64445,0.64445,0.64445,0.64445,0.0
2026-01-05,0.64695,0.64695,0.64695,0.64695,0.0
2026-01-06,0.6487,0.6487,0.6487,0.6487,0.0
2026-01-07,0.6492,0.6492,0.6492,0.6492,0.0
2026-01-08,0.6479,0.6479,0.6479,0.6479,0.0
2026-01-09,0.6475,0.6475,0.6475,0.6475,0.0
2026-01-12,0.65025,0.65025,0.65025,0.65025,0.0
2026-01-13,0.6461,0.6461,0.6461,0.6461,0.0
2026-01-14,0.64645,0.64645,0.64645,0.64645,0.0
2026-01-15,0.64875,0.64875,0.64875,0.64875,0.0
2026-01-16,0.6481,0.6481,0.6481,0.6481,0.0
2026-01-20,0.6517,0.6517,0.6517,0.6517,0.0
2026-01-21,0.65515,0.65515,0.65515,0.65515,0.0
2026-01-22,0.66045,0.66045,0.66045,0.66045,0.0
2026-01-23,0.6646,0.6646,0.6646,0.6646,0.0
2026-01-26,0.66745,0.66745,0.66745,0.66745,0.0
2026-01-27,0.67135,0.67135,0.67135,0.67135,0.0
2026-01-28,0.6776,0.6776,0.6776,0.6776,0.0
2026-01-29,0.67705,0.67705,0.67705,0.67705,0.0
2026-01-30,0.67175,0.67175,0.67175,0.67175,0.0
2026-02-02,0.6692,0.6692,0.6692,0.6692,0.0
2026-02-03,0.67405,0.67405,0.67405,0.67405,0.0
2026-02-04,0.67305,0.67305,0.67305,0.67305,0.0
2026-02-05,0.6677,0.6677,0.6677,0.6677,0.0
2026-02-06,0.6733,0.6733,0.6733,0.6733,0.0
2026-02-09,0.68115,0.68115,0.68115,0.68115,0.0
2026-02-10,0.67925,0.67925,0.67925,0.67925,0.0
2026-02-11,0.6856,0.6856,0.6856,0.6856,0.0
2026-02-12,0.68075,0.68075,0.68075,0.68075,0.0
2026-02-13,0.6779,0.6779,0.6779,0.6779,0.0
2026-02-17,0.6787,0.6787,0.6787,0.6787,0.0
2026-02-18,0.67465,0.67465,0.67465,0.67465,0.0
2026-02-19,0.67445,0.67445,0.67445,0.67445,0.0
2026-02-20,0.6782,0.6782,0.6782,0.6782,0.0
2026-02-23,0.67485,0.67485,0.67485,0.67485,0.0
2026-02-24,0.676,0.676,0.676,0.676,0.0
2026-02-25,0.6826,0.6826,0.6826,0.6826,0.0
2026-02-26,0.68145,0.68145,0.68145,0.68145,0.0
2026-02-27,0.68145,0.68145,0.68145,0.68145,0.0
2026-03-02,0.68045,0.68045,0.68045,0.68045,0.0
2026-03-03,0.672,0.672,0.672,0.672,0.0
2026-03-04,0.67725,0.67725,0.67725,0.67725,0.0
2026-03-05,0.6674,0.6674,0.6674,0.6674,0.0
2026-03-06,0.6698,0.6698,0.6698,0.6698,0.0
2026-03-09,0.67165,0.67165,0.67165,0.67165,0.0
2026-03-10,0.68,0.68,0.68,0.68,0.0
2026-03-11,0.6809,0.6809,0.6809,0.6809,0.0
2026-03-12,0.67575,0.67575,0.67575,0.67575,0.0
2026-03-13,0.6689,0.6689,0.6689,0.6689,0.0
2026-03-16,0.6747,0.6747,0.6747,0.6747,0.0
2026-03-17,0.6781,0.6781,0.6781,0.6781,0.0
2026-03-18,0.6734,0.6734,0.6734,0.6734,0.0
2026-03-19,0.67445,0.67445,0.67445,0.67445,0.0
2026-03-20,0.6672,0.6672,0.6672,0.6672,0.0
2026-03-23,0.67115,0.67115,0.67115,0.67115,0.0
2026-03-24,0.6665,0.6665,0.6665,0.6665,0.0
2026-03-25,0.6666,0.6666,0.6666,0.6666,0.0
2026-03-26,0.66065,0.66065,0.66065,0.66065,0.0
2026-03-27,0.6565,0.6565,0.6565,0.6565,0.0
2026-03-30,0.6552,0.6552,0.6552,0.6552,0.0
2026-03-31,0.65935,0.65935,0.65935,0.65935,0.0
2026-04-01,0.6628,0.6628,0.6628,0.6628,0.0
2026-04-02,0.65905,0.65905,0.65905,0.65905,0.0
2026-04-06,0.66115,0.66115,0.66115,0.66115,0.0
2026-04-07,0.6647,0.6647,0.6647,0.6647,0.0
2026-04-08,0.67315,0.67315,0.67315,0.67315,0.0
2026-04-09,0.67845,0.67845,0.67845,0.67845,0.0
2026-04-10,0.6767,0.6767,0.6767,0.6767,0.0
2026-04-13,0.679,0.679,0.679,0.679,0.0
2026-04-14,0.68235,0.68235,0.68235,0.68235,0.0
2026-04-15,0.68675,0.68675,0.68675,0.68675,0.0
2026-04-16,0.68465,0.68465,0.68465,0.68465,0.0
2026-04-17,0.68655,0.68655,0.68655,0.68655,0.0
2026-04-20,0.6869,0.6869,0.6869,0.6869,0.0
2026-04-21,0.68555,0.68555,0.68555,0.68555,0.0
2026-04-22,0.6859,0.6859,0.6859,0.6859,0.0
2026-04-23,0.68315,0.68315,0.68315,0.68315,0.0
2026-04-24,0.68565,0.68565,0.68565,0.68565,0.0
2026-04-27,0.6879,0.6879,0.6879,0.6879,0.0
2026-04-28,0.68615,0.68615,0.68615,0.68615,0.0
2026-04-29,0.6816,0.6816,0.6816,0.6816,0.0
2026-04-30,0.69125,0.69125,0.69125,0.69125,0.0
2026-05-01,0.6921,0.6921,0.6921,0.6921,0.0
2026-05-04,0.69055,0.69055,0.69055,0.69055,0.0
2026-05-05,0.69315,0.69315,0.69315,0.69315,0.0
2026-05-06,0.6976,0.6976,0.6976,0.6976,0.0
2026-05-07,0.69565,0.69565,0.69565,0.69565,0.0
2026-05-08,0.6964,0.6964,0.6964,0.6964,0.0
2026-05-11,0.69695,0.69695,0.69695,0.69695,0.0
2026-05-12,0.696,0.696,0.696,0.696,0.0
2026-05-13,0.69895,0.69895,0.69895,0.69895,0.0
2026-05-14,0.6972,0.6972,0.6972,0.6972,0.0
2026-05-15,0.69165,0.69165,0.69165,0.69165,0.0
2026-05-18,0.69235,0.69235,0.69235,0.69235,0.0
2026-05-19,0.6893,0.6893,0.6893,0.6893,0.0
2026-05-20,0.6951,0.6951,0.6951,0.6951,0.0
2026-05-21,0.6958,0.6958,0.6958,0.6958,0.0
2026-05-22,0.69565,0.69565,0.69565,0.69565,0.0
2026-05-26,0.69605,0.69605,0.69605,0.69605,0.0
2026-05-27,0.6933,0.6933,0.6933,0.6933,0.0
2026-05-28,0.6971,0.6971,0.6971,0.6971,0.0
2026-05-29,0.69915,0.69915,0.69915,0.69915,0.0
2026-06-01,0.6968,0.6968,0.6968,0.6968,0.0
2026-06-02,0.69755,0.69755,0.69755,0.69755,0.0
2026-06-03,0.6935,0.6935,0.6935,0.6935,0.0
2026-06-04,0.69405,0.69405,0.69405,0.69405,0.0
2026-06-05,0.68645,0.68645,0.68645,0.68645,0.0
2026-06-08,0.6866,0.6866,0.6866,0.6866,0.0
2026-06-09,0.6872,0.6872,0.6872,0.6872,0.0
2026-06-10,0.68535,0.68535,0.68535,0.68535,0.0
2026-06-11,0.68715,0.68715,0.68715,0.68715,0.0
2026-06-12,0.68995,0.68995,0.68995,0.68995,0.0
2026-06-15,0.69095,0.69095,0.69095,0.69095,0.0
2026-06-16,0.69135,0.69135,0.69135,0.69135,0.0
2026-06-17,0.68875,0.68875,0.68875,0.68875,0.0
2026-06-18,0.68745,0.68745,0.68745,0.68745,0.0
2026-06-22,0.6877,0.6877,0.6877,0.6877,0.0
2026-06-23,0.6784,0.6784,0.6784,0.6784,0.0
2026-06-24,0.67505,0.67505,0.67505,0.67505,0.0
2026-06-25,0.67765,0.67765,0.67765,0.67765,0.0
2026-06-26,0.67425,0.67425,0.67425,0.67425,0.0
2026-06-29,0.6744,0.6744,0.6744,0.6744,0.0
2026-06-30,0.67815,0.67815,0.67815,0.67815,0.0
2026-07-01,0.67565,0.67565,0.67565,0.67565,0.0
2026-07-02,0.6778,0.6778,0.6778,0.6778,0.0
2026-07-06,0.682,0.682,0.682,0.682,0.0
2026-07-07,0.6803,0.6803,0.6803,0.6803,0.0
2026-07-08,0.6801,0.6801,0.6801,0.6801,0.0
2026-07-09,0.6807,0.6807,0.6807,0.6807,0.0
2026-07-10,0.6831,0.6831,0.6831,0.6831,0.0
2026-07-13,0.68035,0.68035,0.68035,0.68035,0.0
2026-07-14,0.6843,0.6843,0.6843,0.6843,0.0
2026-07-15,0.6867,0.6867,0.6867,0.6867,0.0
2026-07-16,0.6851,0.6851,0.6851,0.6851,0.0
2026-07-17,0.68265,0.68265,0.68265,0.68265,0.0
2026-07-20,0.68475,0.68475,0.68475,0.68475,0.0
2026-07-21,0.68645,0.68645,0.68645,0.68645,0.0
2026-07-22,0.68615,0.68615,0.68615,0.68615,0.0
2026-07-23,0.6818,0.6818,0.6818,0.6818,0.0
2026-07-24,0.68255,0.68255,0.68255,0.68255,0.0
2026-07-27,0.6838,0.6838,0.6838,0.6838,0.0
2026-07-28,0.68345,0.68345,0.68345,0.68345,0.0
2026-07-29,0.68625,0.68625,0.68625,0.68625,0.0
2026-07-30,0.6904,0.6904,0.6904,0.6904,0.0
2026-07-31,0.6922,0.6922,0.6922,0.6922,0.0
2026-08-03,0.68815,0.68815,0.68815,0.68815,0.0
2026-08-04,0.6915,0.6915,0.6915,0.6915,0.0
2026-08-05,0.6931,0.6931,0.6931,0.6931,0.0
2026-08-06,0.69085,0.69085,0.69085,0.69085,0.0
2026-08-07,0.69325,0.69325,0.69325,0.69325,0.0
2026-08-10,0.69245,0.69245,0.69245,0.69245,0.0
2026-08-11,0.69285,0.69285,0.69285,0.69285,0.0
2026-08-12,0.69275,0.69275,0.69275,0.69275,0.0
2026-08-13,0.692,0.692,0.692,0.692,0.0
2026-08-14,0.69385,0.69385,0.69385,0.69385,0.0
2026-08-17,0.69645,0.69645,0.69645,0.69645,0.0
2026-08-18,0.6939,0.6939,0.6939,0.6939,0.0
2026-08-19,0.69795,0.69795,0.69795,0.69795,0.0
2026-08-20,0.6975,0.6975,0.6975,0.6975,0.0
2026-08-21,0.70475,0.70475,0.70475,0.70475,0.0
2026-08-24,0.7022,0.7022,0.7022,0.7022,0.0
2026-08-25,0.7026,0.7026,0.7026,0.7026,0.0
2026-08-26,0.70155,0.70155,0.70155,0.70155,0.0
2026-08-27,0.70355,0.70355,0.70355,0.70355,0.0
2026-08-28,0.70205,0.70205,0.70205,0.70205,0.0
2026-08-31,0.70375,0.70375,0.70375,0.70375,0.0
2026-09-01,0.70055,0.70055,0.70055,0.70055,0.0
2026-09-02,0.7019,0.7019,0.7019,0.7019,0.0
2026-09-03,0.70625,0.70625,0.70625,0.70625,0.0
2026-09-04,0.7062,0.7062,0.7062,0.7062,0.0
2026-09-08,0.7082,0.7082,0.7082,0.7082,0.0
2026-09-09,0.7071,0.7071,0.7071,0.7071,0.0
2026-09-10,0.7019,0.7019,0.7019,0.7019,0.0
2026-09-11,0.7038,0.7038,0.7038,0.7038,0.0
2026-09-14,0.70185,0.70185,0.70185,0.70185,0.0
2026-09-15,0.69995,0.69995,0.69995,0.69995,0.0
2026-09-16,0.6968,0.6968,0.6968,0.6968,0.0
2026-09-17,0.7002,0.7002,0.7002,0.7002,0.0
2026-09-18,0.7017,0.7017,0.7017,0.7017,0.0
