DATE_TIME,current_contract,next_contract,carry_contract
1980-02-15,19800500,19800700,19800300
1980-04-16,19800700,19800900,19800500
1980-06-17,19800900,19801200,19800700
1980-09-16,19801200,19810300,19800900
1980-12-15,19810300,19810500,19801200
1981-02-13,19810500,19810700,19810300
1981-04-16,19810700,19810900,19810500
1981-06-17,19810900,19811200,19810700
1981-09-16,19811200,19820300,19810900
1981-12-15,19820300,19820500,19811200
1982-02-12,19820500,19820700,19820300
1982-04-16,19820700,19820900,19820500
1982-06-17,19820900,19821200,19820700
1982-09-16,19821200,19830300,19820900
1982-12-15,19830300,19830500,19821200
1983-02-14,19830500,19830700,19830300
1983-04-15,19830700,19830900,19830500
1983-06-17,19830900,19831200,19830700
1983-09-16,19831200,19840300,19830900
1983-12-16,19840300,19840500,19831200
1984-02-15,19840500,19840700,19840300
1984-04-16,19840700,19840900,19840500
1984-06-18,19840900,19841200,19840700
1984-09-17,19841200,19850300,19840900
1984-12-14,19850300,19850500,19841200
1985-02-14,19850500,19850700,19850300
1985-04-16,19850700,19850900,19850500
1985-06-17,19850900,19851200,19850700
1985-09-16,19851200,19860300,19850900
1985-12-16,19860300,19860500,19851200
1986-02-14,19860500,19860700,19860300
1986-04-16,19860700,19860900,19860500
1986-06-17,19860900,19861200,19860700
1986-09-16,19861200,19870300,19860900
1986-12-15,19870300,19870500,19861200
1987-02-13,19870500,19870700,19870300
1987-04-16,19870700,19870900,19870500
1987-06-17,19870900,19871200,19870700
1987-09-16,19871200,19880300,19870900
1987-12-16,19880300,19880500,19871200
1988-02-16,19880500,19880700,19880300
1988-04-15,19880700,19880900,19880500
1988-06-17,19880900,19881200,19880700
1988-09-16,19881200,19890300,19880900
1988-12-15,19890300,19890500,19881200
1989-02-14,19890500,19890700,19890300
1989-04-17,19890700,19890900,19890500
1989-06-16,19890900,19891200,19890700
1989-09-15,19891200,19900300,19890900
1989-12-15,19900300,19900500,19891200
1990-02-14,19900500,19900700,19900300
1990-04-16,19900700,19900900,19900500
1990-06-18,19900900,19901200,19900700
1990-09-17,19901200,19910300,19900900
1990-12-14,19910300,19910500,19901200
1991-02-14,19910500,19910700,19910300
1991-04-16,19910700,19910900,19910500
1991-06-17,19910900,19911200,19910700
1991-09-16,19911200,19920300,19910900
1991-12-16,19920300,19920500,19911200
1992-02-14,19920500,19920700,19920300
1992-04-16,19920700,19920900,19920500
1992-06-17,19920900,19921200,19920700
1992-09-16,19921200,19930300,19920900
1992-12-15,19930300,19930500,19921200
1993-02-12,19930500,19930700,19930300
1993-04-16,19930700,19930900,19930500
1993-06-17,19930900,19931200,19930700
1993-09-16,19931200,19940300,19930900
1993-12-15,19940300,19940500,19931200
1994-02-14,19940500,19940700,19940300
1994-04-15,19940700,19940900,19940500
1994-06-17,19940900,19941200,19940700
1994-09-16,19941200,19950300,19940900
1994-12-15,19950300,19950500,19941200
1995-02-14,19950500,19950700,19950300
1995-04-17,19950700,19950900,19950500
1995-06-16,19950900,19951200,19950700
1995-09-15,19951200,19960300,19950900
1995-12-15,19960300,19960500,19951200
1996-02-15,19960500,19960700,19960300
1996-04-16,19960700,19960900,19960500
1996-06-17,19960900,19961200,19960700
1996-09-16,19961200,19970300,19960900
1996-12-16,19970300,19970500,19961200
1997-02-14,19970500,19970700,19970300
1997-04-16,19970700,19970900,19970500
1997-06-17,19970900,19971200,19970700
1997-09-16,19971200,19980300,19970900
1997-12-15,19980300,19980500,19971200
1998-02-13,19980500,19980700,19980300
1998-04-16,19980700,19980900,19980500
1998-06-17,19980900,19981200,19980700
1998-09-16,19981200,19990300,19980900
1998-12-15,19990300,19990500,19981200
1999-02-12,19990500,19990700,19990300
1999-04-16,19990700,19990900,19990500
1999-06-17,19990900,19991200,19990700
1999-09-16,19991200,20000300,19990900
1999-12-16,20000300,20000500,19991200
2000-02-15,20000500,20000700,20000300
2000-04-17,20000700,20000900,20000500
2000-06-16,20000900,20001200,20000700
2000-09-15,20001200,20010300,20000900
2000-12-15,20010300,20010500,20001200
2001-02-14,20010500,20010700,20010300
2001-04-16,20010700,20010900,20010500
2001-06-18,20010900,20011200,20010700
2001-09-17,20011200,20020300,20010900
2001-12-14,20020300,20020500,20011200
2002-02-14,20020500,20020700,20020300
2002-04-16,20020700,20020900,20020500
2002-06-17,20020900,20021200,20020700
2002-09-16,20021200,20030300,20020900
2002-12-16,20030300,20030500,20021200
2003-02-14,20030500,20030700,20030300
2003-04-16,20030700,20030900,20030500
2003-06-17,20030900,20031200,20030700
2003-09-16,20031200,20040300,20030900
2003-12-16,20040300,20040500,20031200
2004-02-13,20040500,20040700,20040300
2004-04-16,20040700,20040900,20040500
2004-06-17,20040900,20041200,20040700
2004-09-14,20041200,20050300,20040900
2004-12-14,20050300,20050500,20041200
2005-02-14,20050500,20050700,20050300
2005-04-15,20050700,20050900,20050500
2005-06-17,20050900,20051200,20050700
2005-09-14,20051200,20060300,20050900
2005-12-14,20060300,20060500,20051200
2006-02-14,20060500,20060700,20060300
2006-04-17,20060700,20060900,20060500
2006-06-16,20060900,20061200,20060700
2006-09-14,20061200,20070300,20060900
2006-12-14,20070300,20070500,20061200
2007-02-14,20070500,20070700,20070300
2007-04-16,20070700,20070900,20070500
2007-06-18,20070900,20071200,20070700
2007-09-14,20071200,20080300,20070900
2007-12-14,20080300,20080500,20071200
2008-02-15,20080500,20080700,20080300
2008-04-16,20080700,20080900,20080500
2008-06-17,20080900,20081200,20080700
2008-09-12,20081200,20090300,20080900
2008-12-12,20090300,20090500,20081200
2009-02-13,20090500,20090700,20090300
2009-04-16,20090700,20090900,20090500
2009-06-17,20090900,20091200,20090700
2009-09-14,20091200,20100300,20090900
2009-12-14,20100300,20100500,20091200
2010-02-12,20100500,20100700,20100300
2010-04-16,20100700,20100900,20100500
2010-06-17,20100900,20101200,20100700
2010-09-14,20101200,20110300,20100900
2010-12-14,20110300,20110500,20101200
2011-02-14,20110500,20110700,20110300
2011-04-15,20110700,20110900,20110500
2011-06-17,20110900,20111200,20110700
2011-09-14,20111200,20120300,20110900
2011-12-14,20120300,20120500,20111200
2012-02-15,20120500,20120700,20120300
2012-04-16,20120700,20120900,20120500
2012-06-18,20120900,20121200,20120700
2012-09-14,20121200,20130300,20120900
2012-12-14,20130300,20130500,20121200
2013-02-14,20130500,20130700,20130300
2013-04-16,20130700,20130900,20130500
2013-06-17,20130900,20131200,20130700
2013-09-13,20131200,20140300,20130900
2013-12-13,20140300,20140500,20131200
2014-02-14,20140500,20140700,20140300
2014-04-16,20140700,20140900,20140500
2014-06-17,20140900,20141200,20140700
2014-09-12,20141200,20150300,20140900
2014-12-12,20150300,20150500,20141200
2015-02-13,20150500,20150700,20150300
2015-04-16,20150700,20150900,20150500
2015-06-17,20150900,20151200,20150700
2015-09-14,20151200,20160300,20150900
2015-12-14,20160300,20160500,20151200
2016-02-16,20160500,20160700,20160300
2016-04-15,20160700,20160900,20160500
2016-06-17,20160900,20161200,20160700
2016-09-14,20161200,20170300,20160900
2016-12-14,20170300,20170500,20161200
2017-02-14,20170500,20170700,20170300
2017-04-17,20170700,20170900,20170500
2017-06-16,20170900,20171200,20170700
2017-09-14,20171200,20180300,20170900
2017-12-14,20180300,20180500,20171200
2018-02-14,20180500,20180700,20180300
2018-04-16,20180700,20180900,20180500
2018-06-18,20180900,20181200,20180700
2018-09-14,20181200,20190300,20180900
2018-12-14,20190300,20190500,20181200
2019-02-14,20190500,20190700,20190300
2019-04-16,20190700,20190900,20190500
2019-06-17,20190900,20191200,20190700
2019-09-13,20191200,20200300,20190900
2019-12-13,20200300,20200500,20191200
2020-02-14,20200500,20200700,20200300
2020-04-16,20200700,20200900,20200500
2020-06-17,20200900,20201200,20200700
2020-09-14,20201200,20210300,20200900
2020-12-14,20210300,20210500,20201200
2021-02-12,20210500,20210700,20210300
2021-04-16,20210700,20210900,20210500
2021-06-17,20210900,20211200,20210700
2021-09-14,20211200,20220300,20210900
2021-12-14,20220300,20220500,20211200
2022-02-14,20220500,20220700,20220300
2022-04-14,20220700,20220900,20220500
2022-06-17,20220900,20221200,20220700
2022-09-14,20221200,20230300,20220900
2022-12-14,20230300,20230500,20221200
2023-02-14,20230500,20230700,20230300
2023-04-17,20230700,20230900,20230500
2023-06-16,20230900,20231200,20230700
2023-09-14,20231200,20240300,20230900
2023-12-14,20240300,20240500,20231200
2024-02-15,20240500,20240700,20240300
2024-04-16,20240700,20240900,20240500
2024-06-17,20240900,20241200,20240700
2024-09-13,20241200,20250300,20240900
2024-12-13,20250300,20250500,20241200
2025-02-14,20250500,20250700,20250300
2025-04-16,20250700,20250900,20250500
2025-06-17,20250900,20251200,20250700
2025-09-12,20251200,20260300,20250900
2025-12-12,20260300,20260500,20251200
2026-02-13,20260500,20260700,20260300
2026-04-16,20260700,20260900,20260500
2026-06-17,20260900,20261200,20260700
2026-09-14,20261200,20270300,20260900
2026-09-18,20270300,20270500,20261200
